{
  "feature_names": [
    "bias",
    "material_balance",
    "mobility_balance",
    "center_control_balance",
    "king_danger_balance",
    "castling_balance",
    "passed_pawn_balance",
    "development_balance",
    "check_pressure",
    "tempo"
  ],
  "weights": [
    -0.12376607466634948,
    0.5653298439505472,
    0.14794486332935558,
    0.07451921119683914,
    0.03184652919653576,
    -0.052960457229144636,
    0.15755771327032647,
    0.02383168726242596,
    -0.04434005913475323,
    0.06737086281439827
  ],
  "learning_rate": 0.08,
  "discount": 0.98,
  "epsilon": 0.05,
  "seed": 7
}